-- 插入Mock数据到数据库
-- 使用数据库
USE tool_dashboard;

-- 清空现有数据（可选，如果需要重新导入）
-- TRUNCATE TABLE tb_change_log;
-- TRUNCATE TABLE tb_tool_file;
-- TRUNCATE TABLE tb_tool;
-- DELETE FROM tb_admin WHERE id > 1;

-- 插入工具数据
INSERT INTO tb_tool (id, name, description, type, icon_url, access_url, current_version, owner, status, sort_order, create_time, update_time) VALUES
(1, '项目管理平台', '团队协作与项目进度管理工具，支持任务分配、进度跟踪、文档管理等功能', '平台', 'https://via.placeholder.com/80/4A90E2/ffffff?text=PM', 'https://pm.example.com', 'v2.5.0', '张三', 1, 1, '2024-01-15 10:00:00', '2024-10-20 14:30:00'),
(2, '代码审查工具', '自动化代码质量检查工具，支持多种编程语言，提供代码规范检查、安全漏洞扫描等功能', '工具', 'https://via.placeholder.com/80/7B68EE/ffffff?text=CR', 'https://codereview.example.com', 'v3.1.2', '李四', 1, 2, '2024-02-01 09:00:00', '2024-10-25 16:00:00'),
(3, 'DevOps平台', '一站式DevOps解决方案，集成CI/CD、容器编排、监控告警等功能', '平台', 'https://via.placeholder.com/80/32CD32/ffffff?text=DO', 'https://devops.example.com', 'v4.0.1', '王五', 1, 3, '2024-03-10 11:00:00', '2024-10-26 10:15:00'),
(4, '数据分析平台', '企业级数据分析与可视化平台，支持多数据源接入、实时分析、报表生成', '平台', 'https://via.placeholder.com/80/FF6347/ffffff?text=DA', 'https://analytics.example.com', 'v1.8.0', '赵六', 1, 4, '2024-04-05 14:00:00', '2024-10-24 09:30:00'),
(5, 'API网关', '微服务API统一网关，提供路由、限流、认证、监控等功能', '工具', 'https://via.placeholder.com/80/FFD700/ffffff?text=AG', 'https://gateway.example.com', 'v2.3.0', '孙七', 2, 5, '2024-05-12 10:30:00', '2024-10-27 08:00:00'),
(6, '文档管理系统', '企业文档集中管理平台，支持在线编辑、版本控制、权限管理', '系统', 'https://via.placeholder.com/80/20B2AA/ffffff?text=DM', 'https://docs.example.com', 'v3.0.0', '周八', 1, 6, '2024-06-20 15:00:00', '2024-10-23 17:00:00'),
(7, '测试管理平台', '一体化测试管理解决方案，包含测试用例管理、自动化测试、缺陷跟踪', '平台', 'https://via.placeholder.com/80/9370DB/ffffff?text=TM', 'https://test.example.com', 'v2.1.5', '吴九', 1, 7, '2024-07-08 09:30:00', '2024-10-22 14:20:00'),
(8, '监控告警系统', '分布式系统监控与告警平台，支持指标采集、日志分析、智能告警', '系统', 'https://via.placeholder.com/80/DC143C/ffffff?text=MS', 'https://monitor.example.com', 'v1.9.0', '郑十', 0, 8, '2024-08-15 11:00:00', '2024-10-10 16:00:00');

-- 插入工具文件数据
INSERT INTO tb_tool_file (id, tool_id, file_name, original_name, file_path, file_size, file_type, version, download_count, description, uploader, create_time, update_time) VALUES
(1, 1, 'project-management-v2.5.0.zip', '项目管理平台-v2.5.0-安装包.zip', '2024/10/20/abc123.zip', 52428800, 'application/zip', 'v2.5.0', 128, '最新稳定版本，修复已知问题，优化性能', '张三', '2024-10-20 14:30:00', '2024-10-20 14:30:00'),
(2, 1, 'pm-user-manual-v2.5.pdf', '项目管理平台用户手册v2.5.pdf', '2024/10/20/def456.pdf', 5242880, 'application/pdf', 'v2.5.0', 89, '详细的使用说明文档', '张三', '2024-10-20 15:00:00', '2024-10-20 15:00:00'),
(3, 2, 'code-review-v3.1.2.jar', '代码审查工具-v3.1.2.jar', '2024/10/25/ghi789.jar', 31457280, 'application/java-archive', 'v3.1.2', 67, '支持Java、Python、JavaScript等多种语言', '李四', '2024-10-25 16:00:00', '2024-10-25 16:00:00'),
(4, 3, 'devops-platform-v4.0.1-docker.tar.gz', 'DevOps平台v4.0.1-Docker镜像.tar.gz', '2024/10/26/jkl012.tar.gz', 524288000, 'application/gzip', 'v4.0.1', 45, 'Docker镜像包，包含所有依赖组件', '王五', '2024-10-26 10:15:00', '2024-10-26 10:15:00'),
(5, 3, 'devops-deploy-guide.pdf', 'DevOps平台部署指南.pdf', '2024/10/26/mno345.pdf', 3145728, 'application/pdf', 'v4.0.1', 52, '详细的部署安装文档', '王五', '2024-10-26 10:30:00', '2024-10-26 10:30:00'),
(6, 4, 'data-analytics-v1.8.0-installer.exe', '数据分析平台v1.8.0安装程序.exe', '2024/10/24/pqr678.exe', 104857600, 'application/x-msdownload', 'v1.8.0', 73, 'Windows系统安装包', '赵六', '2024-10-24 09:30:00', '2024-10-24 09:30:00'),
(7, 5, 'api-gateway-v2.3.0-config.yaml', 'API网关v2.3.0配置文件.yaml', '2024/10/27/stu901.yaml', 102400, 'text/yaml', 'v2.3.0', 34, '示例配置文件', '孙七', '2024-10-27 08:00:00', '2024-10-27 08:00:00');

-- 插入变更日志数据
INSERT INTO tb_change_log (id, tool_id, version, change_type, content, changer, change_time, create_time, update_time) VALUES
(1, 1, 'v2.5.0', '新增', '新增甘特图视图，支持项目进度可视化展示
新增团队工作量统计报表
新增自定义字段功能', '张三', '2024-10-20 14:00:00', '2024-10-20 14:00:00', '2024-10-20 14:00:00'),
(2, 1, 'v2.5.0', '优化', '优化任务列表加载速度，提升50%性能
优化移动端适配效果
优化通知推送机制', '张三', '2024-10-20 14:00:00', '2024-10-20 14:00:00', '2024-10-20 14:00:00'),
(3, 1, 'v2.5.0', '修复', '修复导出Excel时中文乱码问题
修复跨项目移动任务时权限异常
修复批量操作时的并发问题', '张三', '2024-10-20 14:00:00', '2024-10-20 14:00:00', '2024-10-20 14:00:00'),
(4, 1, 'v2.4.0', '新增', '新增项目模板功能
新增任务依赖关系设置
支持Webhook通知', '张三', '2024-09-15 10:00:00', '2024-09-15 10:00:00', '2024-09-15 10:00:00'),
(5, 2, 'v3.1.2', '新增', '新增代码复杂度分析功能
支持Kotlin语言检查
新增自定义规则配置', '李四', '2024-10-25 16:00:00', '2024-10-25 16:00:00', '2024-10-25 16:00:00'),
(6, 2, 'v3.1.2', '修复', '修复大文件扫描时内存溢出问题
修复多线程扫描时的死锁问题
修复误报率过高的问题', '李四', '2024-10-25 16:00:00', '2024-10-25 16:00:00', '2024-10-25 16:00:00'),
(7, 2, 'v3.1.0', '优化', '重构扫描引擎，性能提升3倍
优化报告生成速度
改进UI交互体验', '李四', '2024-09-20 14:00:00', '2024-09-20 14:00:00', '2024-09-20 14:00:00'),
(8, 3, 'v4.0.1', '修复', '修复流水线执行失败时未正确回滚的问题
修复Kubernetes集群连接超时问题
修复日志查看时的编码问题', '王五', '2024-10-26 10:00:00', '2024-10-26 10:00:00', '2024-10-26 10:00:00'),
(9, 3, 'v4.0.0', '新增', '全新UI设计，提升用户体验
支持多云部署（AWS、阿里云、腾讯云）
新增GitOps工作流
集成Prometheus监控', '王五', '2024-10-10 09:00:00', '2024-10-10 09:00:00', '2024-10-10 09:00:00'),
(10, 4, 'v1.8.0', '新增', '新增实时数据流分析功能
支持自定义SQL查询
新增30+种可视化图表
支持数据血缘分析', '赵六', '2024-10-24 09:00:00', '2024-10-24 09:00:00', '2024-10-24 09:00:00'),
(11, 4, 'v1.8.0', '优化', '优化大数据量查询性能
优化仪表板加载速度
改进报表导出功能', '赵六', '2024-10-24 09:00:00', '2024-10-24 09:00:00', '2024-10-24 09:00:00'),
(12, 5, 'v2.3.0', '新增', '新增服务熔断功能
支持动态路由配置
新增请求重试机制
支持gRPC协议', '孙七', '2024-10-27 08:00:00', '2024-10-27 08:00:00', '2024-10-27 08:00:00'),
(13, 5, 'v2.3.0', '优化', '优化限流算法，更加精准
优化内存使用，降低30%
改进监控指标采集', '孙七', '2024-10-27 08:00:00', '2024-10-27 08:00:00', '2024-10-27 08:00:00');

-- 查看插入结果
SELECT '工具数据插入完成' AS message;
SELECT COUNT(*) AS tool_count FROM tb_tool;
SELECT COUNT(*) AS file_count FROM tb_tool_file;
SELECT COUNT(*) AS log_count FROM tb_change_log;
